,,,,,,,,,,,,,,,
,,,,,,,,,,,,,,,
,,,,,,,,,,,,,,,
,,,,,,,,,,,,,,,
,,,,,,,,,,,,,Point No. 5,,
,,,,,,,TIME SELECTION - FILTER,,,,,,NO TIME FILTER,,
,,,,,,,Hour,Shift,Day,Week,Month,Year,,,
,,,,,,,1,8,24,168,672/696/720/744,8760,,,
,Requirement Sheet,S. No.,PARAMETERS,DESCRIPTION,SOURCE_1,SOURCE_2,3600 s,28800 s,86400 s,604800 s,28/29/30/31 D,365 D,Cumulative value (absolute no.),TAGS,
,,1,Machine status,Run/Stop/Fault,Machine,PLC,ON/OFF/IDLE Status,,,,,,NA,,
,Same as POC,2,Machine utility (%),,PLC (Operator),LOG,same for hour,% machine utility during the shift-time,same for day,same for week,same for month,same for year,Overall machine utilization,,*Customer will give machine available time as input - 'X' mins per shift
,,3,Production Quantity (kg or Ton),,PLC,LOG,same for hour,Castings processed during shift-time,same for day,same for week,same for month,same for year,Overall total production quantity,,
,,4,Energy consumption (kW),Aggregation of logged Real time value for the given duration,METER,PLC/LOG,same for hour,Energy used per shift,same for day,same for week,same for month,same for year,Overall total energy consumed,,
,NEW PARAMETER,5,ENERGY PER CASTING (kWh/kg),,METER and PLC (Operator),LOG,same for hour,Energy for blasting process per casting for a shift period,same for day,same for week,same for month,same for year,Overall energy used for making a per kg cast,,
,Same as POC,6,Tot. Blast time ,Sum of Blasting time during the given period,PLC (Operator),LOG,same for hour,Sum of blast duration during the  shift,same for day,same for week,same for month,same for year,Overall Total Blast duration,,
,Same as POC,7,Effective Shots Usage (Index),,PLC (Operator),LOG,Absolute Value (no time constraints),,,,,,NA,,
,Same as POC,8,Average Shot refill time,,PLC (Operator),LOG,same for hour,Average time of shot refill during the shift,same for day,same for week,same for month,same for year,Overall Average Shot Refill time,,
,NEW PARAMETER,9,CHAMBER-WISE UTILISATION (Pt. No. 2),,PLC (Operator),LOG,same for hour,% machine utility during the shift-time,same for day,same for week,same for month,same for year,Overall machine utilization-1,,
,NEW PARAMETER,,,,PLC (Operator),LOG,,,,,,,Overall machine utilization-2,,
,Same as POC,10,CYCLE COUNT,No. of cycle counts completed (*Adjusted to Reblast instances),PLC,LOG,same for hour,Cycle count during the shift,same for day,same for week,same for month,same for year,Overall Average Cycle count,,
,Same as POC,11,LAST REFILL TIME,Time when Shots filled last time,PLC,PLC,Absolute Value (no time constraints),,,,,,,,
,NEW PARAMETER,12,POP-UP FOR REGULAR MAINTENANCE (Pt. No. 14),Time gap of components inspection is fixed (based on Blasting time) by OEM (SSEC) - ,PLC,LOG,NA,,,,,,,,
,,13,AMPS - VALUE ,Ampere values of the running motors to be displayed on the screen against 'Equipment dashboard',METER,LOG,NA,,,,,,,,
,NEW PARAMETER,14,"In Hmi - Consumables Spare-life based on blasting time. (No. 12)
Input should be given by operator in HMI.",Operator registers the Spare change instance at HMI,HMI/PLC ,PLC/LOG,Pop_up message as a reminder for maintenance check ,,,,,,,,
,Same as POC,15,REWORK*,Reblast instance is registered by clicking the button (same as POC). Report for reblasting. ,HMI/PLC,LOG,,,,,,,,,
,,,,,,,,,,,,,,,
,,,,,,,,,,,,,,,
,,,,,,,,,,,,,,,
,,,,,,,,,,,,,,,
,,,,,,,,,,,,,,,
,,,,,,,,,,,,,,,
,,,,,,,,,,,,,,,
,,,,,,,,,,,,,,,
,,,,,,,,,,,,,,,
,,,,,,,,,,,,,,,
,,,,,,,,,,,,,,,
,,,,,,,,,,,,,,,
,,,,,,,,,,,,,,,
,,,,,,,,,,,,,,,
,,,,,,,,,,,,,,,
,,,,,,,,,,,,,,,
,,,,,,,,,,,,,,,
,,,,,,,,,,,,,,,
,,,,,,,,,,,,,,,
,,,,,,,,,,,,,,,
,,,,,,,,,,,,,,,
,,,,,,,,,,,,,,,
,,,,,,,,,,,,,,,
,,,,,,,,,,,,,,,
,,,,,,,,,,,,,,,
,,,,,,,,,,,,,,,
,,,,,,,,,,,,,,,
,,,,,,,,,,,,,,,
,,,,,,,,,,,,,,,
,,,,,,,,,,,,,,,
